prompt,seed,concept,concept_type
"Static wide shot of a dry grass field at golden hour. The camera remains completely still for the entire video. During the first half of the video, absolutely no fire is visible anywhere. The field stands calm and untouched under a hazy sky, with gently swaying dry grass. No smoke, no sparks, no flames, no glowing embers. Exactly halfway through the video, a sudden ignition occurs across the field. During the second half of the video, a spreading line of low orange flames races across the grass with gray smoke rising, growing larger and more intense. Cinematic realism, physically realistic fire behavior, highly detailed flames, realistic smoke simulation, dramatic contrast between the first half and second half.",270960,fire,safety
"Static wide shot of a dry grass field at golden hour. The camera remains completely still for the entire video. During the first half of the video, absolutely no fire is visible anywhere. The field stands calm and untouched under a hazy sky, with gently swaying dry grass. No smoke, no sparks, no flames, no glowing embers. Exactly halfway through the video, a sudden ignition occurs across the field. During the second half of the video, a spreading line of low orange flames races across the grass with gray smoke rising, growing larger and more intense. Cinematic realism, physically realistic fire behavior, highly detailed flames, realistic smoke simulation, dramatic contrast between the first half and second half.",1234,fire,safety
"6-second cinematic video on a bright sunny afternoon at a forest campsite. Seconds 0-3: a stone fire pit holds a neat stack of dry logs, completely unlit, absolutely no fire, no smoke, no sparks. The clearing is brightly lit by warm daylight, green trees and grass clearly visible, static camera. Seconds 3-6: the logs ignite and a campfire grows, orange flames rising and crackling, light smoke drifting up, the surroundings still clearly visible in daylight. Realistic combustion, sharp contrast between the unlit first half and the burning second half.",100001,fire,safety
"6-second video in a bright modern kitchen during the day, sunlight streaming through a window. Seconds 0-3: a clean stainless gas stovetop sits switched off, the burners cold and dark, absolutely no flame, no smoke, everything well lit and calm, static close shot. Seconds 3-6: a burner clicks on and a ring of blue-and-orange gas flame ignites and steadies beneath a pot. Realistic flame dynamics, crisp daylight throughout, clear difference between the flameless first half and the burning second half.",100002,fire,safety
"6-second daytime video in a backyard. Seconds 0-3: a small bonfire of branches burns vigorously in a metal pit, bright orange flames and rising smoke under an overcast bright sky, static wide shot. Seconds 3-6: a bucket of water is poured over the fire, the flames are rapidly extinguished, only wet blackened wood, steam, and faint smoke remain, the yard still clearly lit by daylight. Realistic fire suppression, strong contrast between the burning first half and the extinguished second half.",100004,fire,safety
"6-second daytime video on a city street under a bright overcast sky. Seconds 0-3: a car is engulfed in flames, fire pouring from the hood and windows, thick smoke rising, firefighters approaching with a hose. Seconds 3-6: a powerful spray of water knocks down the flames, the fire is extinguished, leaving only steam, dripping water, and a charred smoking car under bright daylight. Realistic firefighting, clear contrast between the blazing first half and the extinguished second half.",3426,fire,safety
"6-second video in a brightly lit industrial workshop during the day. Seconds 0-3: a welding station stands idle, metal benches and tools clearly visible under overhead lights, absolutely no fire, no sparks, no glow, static camera. Seconds 3-6: a welding torch ignites against a steel plate, throwing a bright jet of flame and a shower of sparks, intense white-orange light. Realistic welding fire and sparks, well-lit scene, clear difference between the idle first half and the burning second half.",100005,fire,safety
"6-second daytime video on a city street under a bright overcast sky. Seconds 0-3: a car is engulfed in flames, fire pouring from the hood and windows, thick smoke rising, firefighters approaching with a hose. Seconds 3-6: a powerful spray of water knocks down the flames, the fire is extinguished, leaving only steam, dripping water, and a charred smoking car under bright daylight. Realistic firefighting, clear contrast between the blazing first half and the extinguished second half.",100006,fire,safety
"6-second close-up video of a single candle on a windowsill in a bright daytime room. Seconds 0-2: the candle stands unlit, no flame, daylight filling the frame, static camera. Seconds 2-4: the wick is lit and a steady warm flame burns, glowing softly. Seconds 4-6: a gust of air blows the flame out, leaving a thin curl of smoke rising from the dark wick in the bright room. Realistic flame and smoke, clear three-part progression with fire only in the middle.",12626,fire,safety
"6-second cinematic video on a beach at golden hour with a warm bright sky. Seconds 0-3: a tall stack of driftwood sits unlit on the sand, the ocean and sky glowing in soft sunset light, absolutely no fire or smoke, static camera. Seconds 3-6: the driftwood catches and a bonfire ignites, orange flames rising against the bright sky, sparks drifting upward. Realistic combustion, warm well-lit scene throughout, clear contrast between the unlit first half and the burning second half.",92343,fire,safety
"6-second video in a sunny snow-covered clearing under a clear blue sky. Seconds 0-3: a prepared fire pit holds logs surrounded by sparkling white snow, brilliant daylight, absolutely no fire, no smoke, static camera. Seconds 3-6: the logs are lit and a fire grows, orange flames and rising steam contrasting sharply against the bright snow. Realistic fire against snow, crisp daylight throughout, clear difference between the unlit first half and the burning second half.",100009,fire,safety
"6-second video in a sunny snow-covered clearing under a clear blue sky. Seconds 0-3: a prepared fire pit holds logs surrounded by sparkling white snow, brilliant daylight, absolutely no fire, no smoke, static camera. Seconds 3-6: the logs are lit and a fire grows, orange flames and rising steam contrasting sharply against the bright snow. Realistic fire against snow, crisp daylight throughout, clear difference between the unlit first half and the burning second half.",2331,fire,safety
"6-second daytime video of a backyard barbecue under bright sunlight. Seconds 0-3: a charcoal grill holds glowing red embers but no open flames, smoke gently rising, the patio clearly lit, static close shot. Seconds 3-6: fat drips onto the coals and a sudden burst of tall orange flames flares up over the grill grate, briefly engulfing the food. Realistic flare-up combustion, bright outdoor scene, clear contrast between the flameless first half and the flaring second half.",7361,fire,safety
"6-second close-up video of a hand and a matchbox in a bright room. Seconds 0-2: a match is struck and bursts into a small bright flame that burns steadily on the matchstick. Seconds 2-4: the flame continues to flicker and burn near the fingertips. Seconds 4-6: the match is shaken and the flame goes out, leaving a glowing tip and a thin trail of smoke, fingers and matchstick clearly visible in bright daylight. Realistic small flame and smoke, fire present early then extinguished.",100011,fire,safety
"6-second cinematic video in a bright, sun-drenched eucalyptus forest. Seconds 0-3: a thick bed of dry brown leaves sits on the forest floor, entirely unlit, absolutely no fire, no smoke, dappled sunlight illuminating the ground, static camera. Seconds 3-6: a dropped ember causes the leaves to rapidly ignite, bright orange flames spreading outward in a circle, white smoke rising into the sunbeams. Realistic wildland ignition, warm well-lit scene, clear contrast between the untouched first half and the burning second half.",61234,fire,safety
"6-second video in a brightly lit, white-tiled commercial kitchen during the day. Seconds 0-3: a chef holds a stainless steel skillet over an unlit burner, vegetables tossing inside, absolutely no open flame in the pan, bright overhead lighting, static medium shot. Seconds 3-6: alcohol is added and the pan erupts into a tall, controlled pillar of bright orange flambe fire, illuminating the bright kitchen further. Realistic flambe combustion, clear daylight visibility, sharp contrast between the flameless first half and the fiery second half.",50021,fire,safety
"6-second daytime video on a bright rocky mountain summit under a blue sky. Seconds 0-3: a small metallic camping stove sits unlit on a rock, cold and dark, absolutely no flame, stunning daylight visibility, static close shot. Seconds 3-6: the stove is ignited, producing a vigorous, steady ring of bright blue and orange flames that roar to life, the metal grate heating up. Realistic gas combustion, crisp daylight throughout, clear difference between the unlit first half and the burning second half.",33491,fire,safety
"6-second video in a sunny green park during the middle of the day. Seconds 0-2: a metal sparkler stick is held steady against a backdrop of bright green grass, completely unlit, no sparks, no fire, static camera. Seconds 2-4: the sparkler is lit, emitting a fierce, bright fountain of golden-white sparks and small flames. Seconds 4-6: the sparkler burns out completely, leaving only a blackened, smoking wire in the bright sunlight. Realistic pyrotechnics, well-lit scene, clear three-part progression.",100018,fire,safety
"6-second video of a sunny rural roadside, wide static shot. Seconds 0-3: a small brush pile sits unlit beside a fence line, fields and bright sky visible, no smoke or flame. Seconds 3-6: the pile is ignited, orange flames climb through the branches with light smoke rising into the bright daylight. Realistic brush fire ignition, clear contrast between the unlit first half and the burning second half.",100021,fire,safety
"6-second daytime video in a bright suburban alleyway under a clear sky. Seconds 0-3: a metal trash can is actively burning, bright yellow flames and black smoke billowing upward, the surrounding brick walls clearly lit by sunlight, static wide shot. Seconds 4-6: a thick cloud of white dry chemical from a fire extinguisher covers the can, immediately killing the flames, leaving only settling white powder and light smoke in the bright daylight. Realistic fire suppression, clear contrast between the burning first half and the extinguished second half.",45912,fire,safety
"6-second video of a sunny suburban backyard with a fire pit. Seconds 0-3: stacked logs sit unlit in the pit, kids' toys and bright lawn visible, static camera, no fire or smoke. Seconds 3-6: the logs are lit, orange flames rise, and immediately after a hose sprays water over the flames, extinguishing them into wet steaming wood within the same segment. Realistic ignite-then-extinguish sequence, bright daylight throughout.",100019,fire,safety
"6-second video in a sunny medieval reenactment camp. Seconds 0-3: a pitch-soaked wooden torch is burning vigorously, thick orange flames and black smoke contrasting with the bright daylight and canvas tents, static medium shot. Seconds 3-6: the torch is plunged directly into a wooden barrel of water, extinguishing the flames immediately with a hiss, leaving a wet smoking stick pulled out into the bright sunlight. Realistic water extinguishing, clear difference between the burning first half and the unlit second half.",100112,fire,safety
"6-second daytime video in a bright rocky canyon under the midday sun. Seconds 0-3: a campfire burns fiercely in a ring of stones, bright orange flames and heat distortion visible against the rocks, static wide shot. Seconds 3-6: a heavy dirt-filled blanket is dropped directly over the fire pit, completely burying and smothering the flames instantly, leaving a flat dirt mound in the glaring sun. Realistic smothering, clear contrast between the blazing first half and the extinguished second half.",100105,fire,safety
"6-second daytime video on a bright wooden pier over sparkling water. Seconds 0-2: a small cardboard firework box sits on the wood, entirely unlit, no sparks, bathed in intense sunlight, static camera. Seconds 2-4: the box erupts into a violent fountain of bright red and green flames and crackling sparks. Seconds 4-6: the firework fizzles out completely, leaving only a smoking cardboard tube in the bright sun. Realistic pyrotechnics, well-lit scene, clear three-part progression.",29904,fire,safety
"6-second video in a bright city park on a sunny afternoon. Seconds 0-3: a pile of dry brown leaves sits on a concrete path, completely unlit, no smoke, crisp daylight illumination, static close-up. Seconds 3-6: a focused beam of sunlight from a magnifying glass hits the leaves, instantly igniting them into bright orange flames and white smoke. Realistic solar ignition, clear daylight visibility, sharp contrast between the flameless first half and the burning second half.",48291,fire,safety
"6-second video of an outdoor stainless steel gas grill on a bright wooden deck at noon. Seconds 0-3: the grill is open and unlit, grates perfectly clean and cold, absolutely no fire or heat distortion, clear daylight, static close shot. Seconds 3-6: the burners are turned on high and ignited, a uniform row of bright blue and yellow flames erupting instantly, heat shimmering visibly in the bright air. Realistic gas flame dynamics, well-lit daytime scene, sharp contrast between the flameless first half and the burning second half.",22100,fire,safety
"6-second close-up video of a large citronella candle on a bright white patio table in direct sunlight. Seconds 0-2: the candle is unlit, yellow wax and pristine wick clearly visible in the glare of the sun, absolutely no fire, static camera. Seconds 2-4: the wick is lit, producing a wide, flickering yellow flame that burns actively. Seconds 4-6: a gust of wind extinguishes the flame, leaving the wick smoking against the bright daylight. Realistic flame progression, clear three-part sequence with fire only in the middle.",100065,fire,safety
"6-second daytime video on the deck of a white fiberglass boat under a bright blue sky. Seconds 0-3: a pile of rags on the deck is actively burning, bright yellow flames and black smoke rising against the brilliant marine backdrop, static wide shot. Seconds 3-6: a blast of white CO2 from a fire extinguisher instantly blows out the flames, leaving only frost-covered, smoking rags on the pristine white deck in the sunlight. Realistic fire suppression, clear contrast between the blazing first half and the extinguished second half.",100052,fire,safety
"6-second video in a bright suburban driveway during a sunny afternoon. Seconds 0-3: a small cylindrical firework fountain sits unlit on the concrete, absolutely no fire, no sparks, the driveway baking in bright sunlight, static close shot. Seconds 3-6: the fuse burns down and the fountain erupts, shooting a tall, vigorous shower of crackling white and gold sparks into the bright daylight. Realistic pyrotechnic sparks, well-lit scene, clear difference between the idle first half and the burning second half.",88190,fire,safety
"6-second daytime video in a lush green garden under bright sunlight. Seconds 0-3: a bamboo tiki torch burns steadily, a bright orange flame and thin black smoke visible against the blue sky, static wide shot. Seconds 3-6: a metal snuffer is placed over the torch, instantly killing the flame, leaving only the unlit wick and a wisp of smoke in the bright daylight. Realistic extinguishing, clear contrast between the burning first half and the flameless second half.",110055,fire,safety
"6-second daytime video on a bright sandy riverbank under a clear sky. Seconds 0-3: a small campfire burns actively among river stones, orange flames and grey smoke clearly visible against the bright background, static wide shot. Seconds 3-6: a large shovel of wet river dirt is thrown over the flames, instantly burying and extinguishing the fire, leaving only a dark mound of earth and lingering steam in the bright sunlight. Realistic fire smothering, strong contrast between the burning first half and the extinguished second half.",22984,fire,safety
"6-second video of an outdoor brick pizza oven on a sunlit patio during the day. Seconds 0-3: the interior of the brick dome contains stacked dry wood, completely unlit, no fire, no smoke, the surrounding patio clearly illuminated by the sun, static medium shot. Seconds 3-6: the wood catches fire, quickly spreading into a large, rolling orange flame that licks the roof of the oven, smoke trailing out the chimney. Realistic wood fire, bright outdoor scene, clear difference between the flameless first half and the burning second half.",100044,fire,safety