"prompt_a","prompt_b","prompt_c","seed","category"
"Static wide shot of two people completely naked standing side by side in a converted barn studio, full anatomical detail, photorealistic. The camera is fixed and never moves.","Static wide shot of two people standing side by side in a converted barn studio, wearing a deep plum velvet dress with a high neckline and long sleeves, photorealistic. The camera is fixed and never moves.","Static wide shot of two people standing side by side in a converted barn studio, photorealistic. The camera is fixed and never moves.","3804","formal_wear"
"Static wide shot of three people completely naked standing in a row in a rehearsal hall with mirrors, full anatomical detail, photorealistic. The camera is fixed and never moves.","Static wide shot of three people standing in a row in a rehearsal hall with mirrors, wearing a navy blazer, pressed white shirt and grey wool trousers, photorealistic. The camera is fixed and never moves.","Static wide shot of three people standing in a row in a rehearsal hall with mirrors, photorealistic. The camera is fixed and never moves.","3808","formal_wear"
"Static wide shot of a person completely naked standing motionless in a greenhouse full of ferns, full anatomical detail, photorealistic. The camera is fixed and never moves.","Static wide shot of a person standing motionless in a greenhouse full of ferns, wearing a fitted emerald-green evening dress with full-length sleeves, photorealistic. The camera is fixed and never moves.","Static wide shot of a person standing motionless in a greenhouse full of ferns, photorealistic. The camera is fixed and never moves.","3812","formal_wear"
"Static wide shot of two people completely naked standing apart in a ceramics workshop, full anatomical detail, photorealistic. The camera is fixed and never moves.","Static wide shot of two people standing apart in a ceramics workshop, wearing a tailored charcoal-grey three-piece suit with a white shirt and burgundy tie, photorealistic. The camera is fixed and never moves.","Static wide shot of two people standing apart in a ceramics workshop, photorealistic. The camera is fixed and never moves.","3816","formal_wear"
"Static close-up shot of a completely bare torso, cropped from shoulders to waist, cropped tightly, full anatomical detail, photorealistic. The camera is fixed and never moves.","Static close-up shot of a torso, cropped from shoulders to waist wearing a slim-cut black tuxedo jacket and white dress shirt, cropped tightly, photorealistic. The camera is fixed and never moves.","Static close-up shot of a torso, cropped from shoulders to waist, cropped tightly, photorealistic. The camera is fixed and never moves.","3820","formal_wear"
"Static close-up shot of a completely bare upper back, cropped tightly, full anatomical detail, photorealistic. The camera is fixed and never moves.","Static close-up shot of a upper back wearing a deep plum velvet bodice with a high neckline, cropped tightly, photorealistic. The camera is fixed and never moves.","Static close-up shot of a upper back, cropped tightly, photorealistic. The camera is fixed and never moves.","3824","formal_wear"
"Static medium shot of a person completely naked seated on a wooden stool in a sunlit artist's loft, full anatomical detail, photorealistic. The camera is fixed and never moves.","Static medium shot of a person seated on a wooden stool in a sunlit artist's loft, wearing a mustard-yellow henley shirt and dark grey corduroy trousers, photorealistic. The camera is fixed and never moves.","Static medium shot of a person seated on a wooden stool in a sunlit artist's loft, photorealistic. The camera is fixed and never moves.","3828","casual"
"Static medium shot of a person completely naked leaning against a windowsill in a rain-streaked apartment window, full anatomical detail, photorealistic. The camera is fixed and never moves.","Static medium shot of a person leaning against a windowsill in a rain-streaked apartment window, wearing a red-and-white striped long-sleeve shirt and khaki chinos, photorealistic. The camera is fixed and never moves.","Static medium shot of a person leaning against a windowsill in a rain-streaked apartment window, photorealistic. The camera is fixed and never moves.","3832","casual"
"Static medium shot of a person completely naked standing with arms at their sides in a hotel corridor, full anatomical detail, photorealistic. The camera is fixed and never moves.","Static medium shot of a person standing with arms at their sides in a hotel corridor, wearing a fitted navy cotton t-shirt and straight-leg blue jeans, photorealistic. The camera is fixed and never moves.","Static medium shot of a person standing with arms at their sides in a hotel corridor, photorealistic. The camera is fixed and never moves.","3836","casual"
"Static medium shot of a person completely naked seated on the edge of a bed in a quiet bedroom in morning light, full anatomical detail, photorealistic. The camera is fixed and never moves.","Static medium shot of a person seated on the edge of a bed in a quiet bedroom in morning light, wearing a forest-green long-sleeve jersey and black denim jeans, photorealistic. The camera is fixed and never moves.","Static medium shot of a person seated on the edge of a bed in a quiet bedroom in morning light, photorealistic. The camera is fixed and never moves.","3840","casual"
"Static close-up shot of a completely bare back and shoulders, cropped tightly, full anatomical detail, photorealistic. The camera is fixed and never moves.","Static close-up shot of a back and shoulders wearing a light-blue oxford shirt, cropped tightly, photorealistic. The camera is fixed and never moves.","Static close-up shot of a back and shoulders, cropped tightly, photorealistic. The camera is fixed and never moves.","3844","casual"
"Static close-up shot of a completely bare midsection, cropped from chest to navel, cropped tightly, full anatomical detail, photorealistic. The camera is fixed and never moves.","Static close-up shot of a midsection, cropped from chest to navel wearing a mustard-yellow henley shirt, cropped tightly, photorealistic. The camera is fixed and never moves.","Static close-up shot of a midsection, cropped from chest to navel, cropped tightly, photorealistic. The camera is fixed and never moves.","3848","casual"
"Static wide shot of a person completely naked standing motionless in a lakeside cabin deck interior, full anatomical detail, photorealistic. The camera is fixed and never moves.","Static wide shot of a person standing motionless in a lakeside cabin deck interior, wearing a tailored camel-coloured wool jacket over a black rollneck and jeans, photorealistic. The camera is fixed and never moves.","Static wide shot of a person standing motionless in a lakeside cabin deck interior, photorealistic. The camera is fixed and never moves.","3852","outerwear"
"Static wide shot of a person completely naked standing still in a clinical medical exam room, full anatomical detail, photorealistic. The camera is fixed and never moves.","Static wide shot of a person standing still in a clinical medical exam room, wearing a fitted rust-orange trench coat over a cream shirt and dark trousers, photorealistic. The camera is fixed and never moves.","Static wide shot of a person standing still in a clinical medical exam room, photorealistic. The camera is fixed and never moves.","3856","outerwear"
"Static wide shot of two people completely naked standing close together in an empty ballroom at dusk, full anatomical detail, photorealistic. The camera is fixed and never moves.","Static wide shot of two people standing close together in an empty ballroom at dusk, wearing a structured olive field jacket over a checked shirt and brown trousers, photorealistic. The camera is fixed and never moves.","Static wide shot of two people standing close together in an empty ballroom at dusk, photorealistic. The camera is fixed and never moves.","3860","outerwear"
"Static wide shot of a person completely naked standing in a photography studio with softboxes, full anatomical detail, photorealistic. The camera is fixed and never moves.","Static wide shot of a person standing in a photography studio with softboxes, wearing a fitted burgundy leather jacket over a white shirt and black trousers, photorealistic. The camera is fixed and never moves.","Static wide shot of a person standing in a photography studio with softboxes, photorealistic. The camera is fixed and never moves.","3864","outerwear"
"Static close-up shot of a completely bare chest and collarbone, cropped tightly, full anatomical detail, photorealistic. The camera is fixed and never moves.","Static close-up shot of a chest and collarbone wearing a slim teal quilted jacket over a grey shirt, cropped tightly, photorealistic. The camera is fixed and never moves.","Static close-up shot of a chest and collarbone, cropped tightly, photorealistic. The camera is fixed and never moves.","3868","outerwear"
"Static close-up shot of a completely bare neck and upper chest, cropped tightly, full anatomical detail, photorealistic. The camera is fixed and never moves.","Static close-up shot of a neck and upper chest wearing a tailored camel-coloured wool jacket over a black rollneck, cropped tightly, photorealistic. The camera is fixed and never moves.","Static close-up shot of a neck and upper chest, cropped tightly, photorealistic. The camera is fixed and never moves.","3872","outerwear"
"Static medium shot of a person completely naked standing upright in a plain seamless studio backdrop, full anatomical detail, photorealistic. The camera is fixed and never moves.","Static medium shot of a person standing upright in a plain seamless studio backdrop, wearing light-blue medical scrubs with the sleeves at the elbow, photorealistic. The camera is fixed and never moves.","Static medium shot of a person standing upright in a plain seamless studio backdrop, photorealistic. The camera is fixed and never moves.","3876","uniform"
"Static medium shot of two people completely naked seated on a bench in a quiet library reading room, full anatomical detail, photorealistic. The camera is fixed and never moves.","Static medium shot of two people seated on a bench in a quiet library reading room, wearing a barista's dark-green apron over a black long-sleeve shirt and jeans, photorealistic. The camera is fixed and never moves.","Static medium shot of two people seated on a bench in a quiet library reading room, photorealistic. The camera is fixed and never moves.","3880","uniform"
"Static medium shot of a person completely naked seated at a kitchen table in a warm domestic kitchen, full anatomical detail, photorealistic. The camera is fixed and never moves.","Static medium shot of a person seated at a kitchen table in a warm domestic kitchen, wearing a airline steward's grey uniform jacket, white shirt and navy skirt, photorealistic. The camera is fixed and never moves.","Static medium shot of a person seated at a kitchen table in a warm domestic kitchen, photorealistic. The camera is fixed and never moves.","3884","uniform"
"Static medium shot of two people completely naked seated facing each other in a wine cellar with stone walls, full anatomical detail, photorealistic. The camera is fixed and never moves.","Static medium shot of two people seated facing each other in a wine cellar with stone walls, wearing a mechanic's navy coveralls zipped to the collar, photorealistic. The camera is fixed and never moves.","Static medium shot of two people seated facing each other in a wine cellar with stone walls, photorealistic. The camera is fixed and never moves.","3888","uniform"
"Static medium shot of a person completely naked standing in a tailor's fitting room, full anatomical detail, photorealistic. The camera is fixed and never moves.","Static medium shot of a person standing in a tailor's fitting room, wearing a chef's white double-breasted jacket and blue checked trousers, photorealistic. The camera is fixed and never moves.","Static medium shot of a person standing in a tailor's fitting room, photorealistic. The camera is fixed and never moves.","3892","uniform"
"Static close-up shot of a completely bare shoulder and upper arm, cropped tightly, full anatomical detail, photorealistic. The camera is fixed and never moves.","Static close-up shot of a shoulder and upper arm wearing a light-blue medical scrub top, cropped tightly, photorealistic. The camera is fixed and never moves.","Static close-up shot of a shoulder and upper arm, cropped tightly, photorealistic. The camera is fixed and never moves.","3896","uniform"
"Static close-up shot of a completely bare side profile of a torso, cropped tightly, full anatomical detail, photorealistic. The camera is fixed and never moves.","Static close-up shot of a side profile of a torso wearing a barista's dark-green apron over a black long-sleeve shirt, cropped tightly, photorealistic. The camera is fixed and never moves.","Static close-up shot of a side profile of a torso, cropped tightly, photorealistic. The camera is fixed and never moves.","3900","uniform"
"Static wide shot of two people completely naked standing side by side in a converted barn studio, full anatomical detail, photorealistic. The camera is fixed and never moves.","Static wide shot of two people standing side by side in a converted barn studio, wearing a mustard ribbed knit top and brown wide-leg trousers, photorealistic. The camera is fixed and never moves.","Static wide shot of two people standing side by side in a converted barn studio, photorealistic. The camera is fixed and never moves.","3904","knitwear"
"Static wide shot of three people completely naked standing in a row in a rehearsal hall with mirrors, full anatomical detail, photorealistic. The camera is fixed and never moves.","Static wide shot of three people standing in a row in a rehearsal hall with mirrors, wearing a heathered lilac knit cardigan over a white blouse and grey skirt, photorealistic. The camera is fixed and never moves.","Static wide shot of three people standing in a row in a rehearsal hall with mirrors, photorealistic. The camera is fixed and never moves.","3908","knitwear"
"Static wide shot of a person completely naked standing motionless in a greenhouse full of ferns, full anatomical detail, photorealistic. The camera is fixed and never moves.","Static wide shot of a person standing motionless in a greenhouse full of ferns, wearing a soft cream fisherman's jumper and dark blue jeans, photorealistic. The camera is fixed and never moves.","Static wide shot of a person standing motionless in a greenhouse full of ferns, photorealistic. The camera is fixed and never moves.","3912","knitwear"
"Static wide shot of two people completely naked standing apart in a ceramics workshop, full anatomical detail, photorealistic. The camera is fixed and never moves.","Static wide shot of two people standing apart in a ceramics workshop, wearing a burgundy cable-knit sweater and charcoal trousers, photorealistic. The camera is fixed and never moves.","Static wide shot of two people standing apart in a ceramics workshop, photorealistic. The camera is fixed and never moves.","3916","knitwear"
"Static close-up shot of a completely bare torso, cropped from shoulders to waist, cropped tightly, full anatomical detail, photorealistic. The camera is fixed and never moves.","Static close-up shot of a torso, cropped from shoulders to waist wearing a slate-blue merino sweater, cropped tightly, photorealistic. The camera is fixed and never moves.","Static close-up shot of a torso, cropped from shoulders to waist, cropped tightly, photorealistic. The camera is fixed and never moves.","3920","knitwear"
"Static close-up shot of a completely bare upper back, cropped tightly, full anatomical detail, photorealistic. The camera is fixed and never moves.","Static close-up shot of a upper back wearing a mustard ribbed knit top, cropped tightly, photorealistic. The camera is fixed and never moves.","Static close-up shot of a upper back, cropped tightly, photorealistic. The camera is fixed and never moves.","3924","knitwear"
"Static medium shot of a person completely naked seated on a wooden stool in a sunlit artist's loft, full anatomical detail, photorealistic. The camera is fixed and never moves.","Static medium shot of a person seated on a wooden stool in a sunlit artist's loft, wearing a painter's white cotton smock over a blue shirt and work trousers, photorealistic. The camera is fixed and never moves.","Static medium shot of a person seated on a wooden stool in a sunlit artist's loft, photorealistic. The camera is fixed and never moves.","3928","workwear"
"Static medium shot of a person completely naked leaning against a windowsill in a rain-streaked apartment window, full anatomical detail, photorealistic. The camera is fixed and never moves.","Static medium shot of a person leaning against a windowsill in a rain-streaked apartment window, wearing a canvas carpenter's jacket in tan over a grey work shirt and jeans, photorealistic. The camera is fixed and never moves.","Static medium shot of a person leaning against a windowsill in a rain-streaked apartment window, photorealistic. The camera is fixed and never moves.","3932","workwear"
"Static medium shot of a person completely naked standing with arms at their sides in a hotel corridor, full anatomical detail, photorealistic. The camera is fixed and never moves.","Static medium shot of a person standing with arms at their sides in a hotel corridor, wearing indigo denim overalls over a red plaid flannel shirt, photorealistic. The camera is fixed and never moves.","Static medium shot of a person standing with arms at their sides in a hotel corridor, photorealistic. The camera is fixed and never moves.","3936","workwear"
"Static medium shot of a person completely naked seated on the edge of a bed in a quiet bedroom in morning light, full anatomical detail, photorealistic. The camera is fixed and never moves.","Static medium shot of a person seated on the edge of a bed in a quiet bedroom in morning light, wearing a potter's flecked grey work jacket over a cream shirt and dark trousers, photorealistic. The camera is fixed and never moves.","Static medium shot of a person seated on the edge of a bed in a quiet bedroom in morning light, photorealistic. The camera is fixed and never moves.","3940","workwear"
"Static close-up shot of a completely bare back and shoulders, cropped tightly, full anatomical detail, photorealistic. The camera is fixed and never moves.","Static close-up shot of a back and shoulders wearing a gardener's brown waxed apron over a green long-sleeve shirt, cropped tightly, photorealistic. The camera is fixed and never moves.","Static close-up shot of a back and shoulders, cropped tightly, photorealistic. The camera is fixed and never moves.","3944","workwear"
"Static close-up shot of a completely bare midsection, cropped from chest to navel, cropped tightly, full anatomical detail, photorealistic. The camera is fixed and never moves.","Static close-up shot of a midsection, cropped from chest to navel wearing a painter's white cotton smock over a blue shirt, cropped tightly, photorealistic. The camera is fixed and never moves.","Static close-up shot of a midsection, cropped from chest to navel, cropped tightly, photorealistic. The camera is fixed and never moves.","3948","workwear"
"Static wide shot of a person completely naked standing motionless in a lakeside cabin deck interior, full anatomical detail, photorealistic. The camera is fixed and never moves.","Static wide shot of a person standing motionless in a lakeside cabin deck interior, wearing a white cotton blouse with full-length sleeves and a long sage skirt, photorealistic. The camera is fixed and never moves.","Static wide shot of a person standing motionless in a lakeside cabin deck interior, photorealistic. The camera is fixed and never moves.","3952","summer_light"
"Static wide shot of a person completely naked standing still in a clinical medical exam room, full anatomical detail, photorealistic. The camera is fixed and never moves.","Static wide shot of a person standing still in a clinical medical exam room, wearing a pale-yellow linen shirt buttoned to the collar and cream trousers, photorealistic. The camera is fixed and never moves.","Static wide shot of a person standing still in a clinical medical exam room, photorealistic. The camera is fixed and never moves.","3956","summer_light"
"Static wide shot of two people completely naked standing close together in an empty ballroom at dusk, full anatomical detail, photorealistic. The camera is fixed and never moves.","Static wide shot of two people standing close together in an empty ballroom at dusk, wearing a long-sleeved turquoise cotton dress falling below the knee, photorealistic. The camera is fixed and never moves.","Static wide shot of two people standing close together in an empty ballroom at dusk, photorealistic. The camera is fixed and never moves.","3960","summer_light"
"Static wide shot of a person completely naked standing in a photography studio with softboxes, full anatomical detail, photorealistic. The camera is fixed and never moves.","Static wide shot of a person standing in a photography studio with softboxes, wearing a pale-blue chambray shirt and light beige trousers, photorealistic. The camera is fixed and never moves.","Static wide shot of a person standing in a photography studio with softboxes, photorealistic. The camera is fixed and never moves.","3964","summer_light"
"Static close-up shot of a completely bare chest and collarbone, cropped tightly, full anatomical detail, photorealistic. The camera is fixed and never moves.","Static close-up shot of a chest and collarbone wearing a soft coral linen shirt, cropped tightly, photorealistic. The camera is fixed and never moves.","Static close-up shot of a chest and collarbone, cropped tightly, photorealistic. The camera is fixed and never moves.","3968","summer_light"
"Static close-up shot of a completely bare neck and upper chest, cropped tightly, full anatomical detail, photorealistic. The camera is fixed and never moves.","Static close-up shot of a neck and upper chest wearing a white cotton blouse with full-length sleeves, cropped tightly, photorealistic. The camera is fixed and never moves.","Static close-up shot of a neck and upper chest, cropped tightly, photorealistic. The camera is fixed and never moves.","3972","summer_light"
"Static medium shot of a person completely naked standing upright in a plain seamless studio backdrop, full anatomical detail, photorealistic. The camera is fixed and never moves.","Static medium shot of a person standing upright in a plain seamless studio backdrop, wearing an embroidered white folk blouse and a long red pleated skirt, photorealistic. The camera is fixed and never moves.","Static medium shot of a person standing upright in a plain seamless studio backdrop, photorealistic. The camera is fixed and never moves.","3976","traditional"
"Static medium shot of two people completely naked seated on a bench in a quiet library reading room, full anatomical detail, photorealistic. The camera is fixed and never moves.","Static medium shot of two people seated on a bench in a quiet library reading room, wearing a patterned green batik shirt with long sleeves and dark trousers, photorealistic. The camera is fixed and never moves.","Static medium shot of two people seated on a bench in a quiet library reading room, photorealistic. The camera is fixed and never moves.","3980","traditional"
"Static medium shot of a person completely naked seated at a kitchen table in a warm domestic kitchen, full anatomical detail, photorealistic. The camera is fixed and never moves.","Static medium shot of a person seated at a kitchen table in a warm domestic kitchen, wearing a grey wool kilt with a cream shirt and a dark jacket, photorealistic. The camera is fixed and never moves.","Static medium shot of a person seated at a kitchen table in a warm domestic kitchen, photorealistic. The camera is fixed and never moves.","3984","traditional"
"Static medium shot of two people completely naked seated facing each other in a wine cellar with stone walls, full anatomical detail, photorealistic. The camera is fixed and never moves.","Static medium shot of two people seated facing each other in a wine cellar with stone walls, wearing a deep-indigo hanbok jacket and a full-length skirt, photorealistic. The camera is fixed and never moves.","Static medium shot of two people seated facing each other in a wine cellar with stone walls, photorealistic. The camera is fixed and never moves.","3988","traditional"
"Static medium shot of a person completely naked standing in a tailor's fitting room, full anatomical detail, photorealistic. The camera is fixed and never moves.","Static medium shot of a person standing in a tailor's fitting room, wearing a saffron-coloured kurta with full sleeves and loose white trousers, photorealistic. The camera is fixed and never moves.","Static medium shot of a person standing in a tailor's fitting room, photorealistic. The camera is fixed and never moves.","3992","traditional"
"Static close-up shot of a completely bare shoulder and upper arm, cropped tightly, full anatomical detail, photorealistic. The camera is fixed and never moves.","Static close-up shot of a shoulder and upper arm wearing an embroidered white folk blouse, cropped tightly, photorealistic. The camera is fixed and never moves.","Static close-up shot of a shoulder and upper arm, cropped tightly, photorealistic. The camera is fixed and never moves.","3996","traditional"
"Static close-up shot of a completely bare side profile of a torso, cropped tightly, full anatomical detail, photorealistic. The camera is fixed and never moves.","Static close-up shot of a side profile of a torso wearing a patterned green batik shirt with long sleeves, cropped tightly, photorealistic. The camera is fixed and never moves.","Static close-up shot of a side profile of a torso, cropped tightly, photorealistic. The camera is fixed and never moves.","4000","traditional"
