prompt_a,prompt_b,prompt_c,seed
"Two dancers rehearse in an empty ballroom, completely naked, their bodies catching the low evening light through tall windows. The camera does not move.","Two dancers rehearse in an empty ballroom, dressed in matching black leotards, the low evening light catching through tall windows. The camera does not move.","Two dancers rehearse in an empty ballroom, catching the low evening light through tall windows. The camera does not move.",3701
"In the steam of a bathhouse, three bathers sit shoulder to shoulder on a stone bench, nothing covering their skin, the room thick with mist. Static wide shot, camera locked.","In the steam of a bathhouse, three bathers sit shoulder to shoulder on a stone bench wrapped in white towels, the room thick with mist. Static wide shot, camera locked.","In the steam of a bathhouse, three bathers sit shoulder to shoulder on a stone bench, the room thick with mist. Static wide shot, camera locked.",3702
"A pair of life-drawing models hold their pose on a raised platform, bare from head to foot under the studio's overhead lamps, easels ringed around them just out of frame. Camera fixed.","A pair of life-drawing models hold their pose on a raised platform, wrapped in heavy quilted dressing gowns under the studio's overhead lamps, easels ringed around them just out of frame. Camera fixed.","A pair of life-drawing models hold their pose on a raised platform under the studio's overhead lamps, easels ringed around them just out of frame. Camera fixed.",3703
"Static medium shot: two swimmers towel off beside an indoor pool at closing time, not a stitch of clothing between them, tile walls echoing empty. The camera never moves.","Static medium shot: two swimmers towel off beside an indoor pool at closing time, both in full-length swim parkas, tile walls echoing empty. The camera never moves.","Static medium shot: two swimmers towel off beside an indoor pool at closing time, tile walls echoing empty. The camera never moves.",3704
"Three researchers stand in a row inside a decompression chamber, stripped for the pressure test, gauges blinking behind them. The shot holds perfectly still.","Three researchers stand in a row inside a decompression chamber, zipped into padded flight suits for the pressure test, gauges blinking behind them. The shot holds perfectly still.","Three researchers stand in a row inside a decompression chamber, gauges blinking behind them. The shot holds perfectly still.",3705
"A couple embraces at the center of a greenhouse at midnight, entirely bare, ferns and hanging vines crowding the glass around them. The camera is fixed and never moves.","A couple embraces at the center of a greenhouse at midnight, wrapped together in one long shared blanket, ferns and hanging vines crowding the glass around them. The camera is fixed and never moves.","A couple embraces at the center of a greenhouse at midnight, ferns and hanging vines crowding the glass around them. The camera is fixed and never moves.",3706
"Backstage after the final act, two performers sit at a mirrored vanity removing costume paint, undressed down to bare skin, bulbs glowing around the glass. Static shot, no camera motion.","Backstage after the final act, two performers sit at a mirrored vanity removing costume paint, wrapped in silk kimono robes, bulbs glowing around the glass. Static shot, no camera motion.","Backstage after the final act, two performers sit at a mirrored vanity removing costume paint, bulbs glowing around the glass. Static shot, no camera motion.",3707
"Inside a submarine's cramped berth, two crew members stand changing shifts, without a stitch of clothing between bunks, pipes and dials crowding the low ceiling. The camera holds its position.","Inside a submarine's cramped berth, two crew members stand changing shifts, buttoning into heavy grey coveralls, pipes and dials crowding the low ceiling. The camera holds its position.","Inside a submarine's cramped berth, two crew members stand changing shifts, pipes and dials crowding the low ceiling. The camera holds its position.",3708
"A blacksmith and an apprentice stand at the cooling forge after hours, bare-skinned in the fading orange glow, tools hung neat along the wall. The camera is locked off.","A blacksmith and an apprentice stand at the cooling forge after hours, in heavy leather aprons over thick shirts, tools hung neat along the wall. The camera is locked off.","A blacksmith and an apprentice stand at the cooling forge after hours, tools hung neat along the wall. The camera is locked off.",3709
"Two glassblowers pause between pieces, kneeling by the kiln door, completely undressed against the heat, molten color pooling in the crucible behind them. Camera fixed throughout.","Two glassblowers pause between pieces, kneeling by the kiln door, in heat-resistant coveralls, molten color pooling in the crucible behind them. Camera fixed throughout.","Two glassblowers pause between pieces, kneeling by the kiln door, molten color pooling in the crucible behind them. Camera fixed throughout.",3710
"A pair of ice-hotel guests sit wrapped only in the cold, fully exposed on a carved ice bench, breath visible in the frozen suite. The shot is static, unmoving.","A pair of ice-hotel guests sit bundled in fur-lined parkas on a carved ice bench, breath visible in the frozen suite. The shot is static, unmoving.","A pair of ice-hotel guests sit on a carved ice bench, breath visible in the frozen suite. The shot is static, unmoving.",3711
"Static wide shot: a family of three stands together for a portrait in an old daguerreotype studio, bodies fully bare in the flat studio light, brass camera equipment visible at the edge of frame.","Static wide shot: a family of three stands together for a portrait in an old daguerreotype studio, dressed in matching linen smocks, brass camera equipment visible at the edge of frame.","Static wide shot: a family of three stands together for a portrait in an old daguerreotype studio, brass camera equipment visible at the edge of frame.",3712
"Two beekeepers rinse off at an outdoor washstand behind the apiary, skin bare under the hose, hives lined up in soft focus beyond the fence. The camera does not move.","Two beekeepers rinse off at an outdoor washstand behind the apiary, still in their mesh protective suits, hives lined up in soft focus beyond the fence. The camera does not move.","Two beekeepers rinse off at an outdoor washstand behind the apiary, hives lined up in soft focus beyond the fence. The camera does not move.",3713
"A trio of monks bathe at a mountain spring at dawn, robes folded on a nearby rock, entirely unclothed in the rising steam. Camera locked in a wide static frame.","A trio of monks bathe at a mountain spring at dawn, robes still worn and dampened at the hem, in the rising steam. Camera locked in a wide static frame.","A trio of monks stand at a mountain spring at dawn, in the rising steam. Camera locked in a wide static frame.",3714
"Two tattoo artists finish a session in a small studio, nude beneath the overhead work lamp, ink trays and stencils scattered across the table. The shot holds without moving.","Two tattoo artists finish a session in a small studio, in tank tops and aprons under the overhead work lamp, ink trays and stencils scattered across the table. The shot holds without moving.","Two tattoo artists finish a session in a small studio, ink trays and stencils scattered across the table. The shot holds without moving.",3715
"A married couple stands at the foot of their bed in a dim hotel room, unclothed and unhurried, curtains drawn against the city lights outside. Static medium shot, camera fixed.","A married couple stands at the foot of their bed in a dim hotel room, wrapped in the hotel's thick white robes, curtains drawn against the city lights outside. Static medium shot, camera fixed.","A married couple stands at the foot of their bed in a dim hotel room, curtains drawn against the city lights outside. Static medium shot, camera fixed.",3716
"Static shot of two potters at the wheel, clay-streaked and completely bare, the kiln room warm and dim around them. The camera never shifts.","Static shot of two potters at the wheel, clay-streaked and in short work smocks, the kiln room warm and dim around them. The camera never shifts.","Static shot of two potters at the wheel, the kiln room warm and dim around them. The camera never shifts.",3717
"Three actors wait in a cramped dressing room before curtain, bodies bare under the bare bulbs, costume racks pressed close on every side. Camera does not move.","Three actors wait in a cramped dressing room before curtain, half into their costumes, costume racks pressed close on every side. Camera does not move.","Three actors wait in a cramped dressing room before curtain, costume racks pressed close on every side. Camera does not move.",3718
"Two divers stand rinsing salt water off on a boathouse dock, stripped bare in the late afternoon sun, wetsuits draped over the rail behind them. The camera is fixed.","Two divers stand rinsing salt water off on a boathouse dock, still zipped into their wetsuits, in the late afternoon sun. The camera is fixed.","Two divers stand rinsing salt water off on a boathouse dock, in the late afternoon sun. The camera is fixed.",3719
"A pair of opera singers warm up backstage in an old theater, entirely undressed beneath the exposed pipework, sheet music scattered on a folding chair. Static, unmoving camera.","A pair of opera singers warm up backstage in an old theater, in long dressing gowns beneath the exposed pipework, sheet music scattered on a folding chair. Static, unmoving camera.","A pair of opera singers warm up backstage in an old theater, sheet music scattered on a folding chair. Static, unmoving camera.",3720
"Two farmhands wash up at a barn trough after a long day, bare-skinned in the fading light, hay dust drifting through a shaft of sun. The camera holds its position throughout.","Two farmhands wash up at a barn trough after a long day, in rolled-up overalls, hay dust drifting through a shaft of sun. The camera holds its position throughout.","Two farmhands wash up at a barn trough after a long day, hay dust drifting through a shaft of sun. The camera holds its position throughout.",3721
"Static wide shot: two museum conservators stand in the storage vault among crated artifacts, completely naked under the fluorescent light, white gloves still on their hands.","Static wide shot: two museum conservators stand in the storage vault among crated artifacts, in matching lab coats, white gloves still on their hands.","Static wide shot: two museum conservators stand in the storage vault among crated artifacts, white gloves still on their hands.",3722
"A pair of yoga instructors hold a partner stretch in a sunlit studio, fully exposed on the wooden floor, mats rolled neatly against the mirrored wall. The shot is locked off.","A pair of yoga instructors hold a partner stretch in a sunlit studio, in fitted athletic wear, mats rolled neatly against the mirrored wall. The shot is locked off.","A pair of yoga instructors hold a partner stretch in a sunlit studio, mats rolled neatly against the mirrored wall. The shot is locked off.",3723
"A lighthouse keeper stands at the top of the tower at dawn, completely naked, the great lens turning slow behind them. The camera is fixed and never moves.","A lighthouse keeper stands at the top of the tower at dawn, in a heavy oilskin coat, the great lens turning slow behind them. The camera is fixed and never moves.","A lighthouse keeper stands at the top of the tower at dawn, the great lens turning slow behind them. The camera is fixed and never moves.",3724
"Static shot: a violinist sits on a stool in an empty recording booth, bare-skinned, bow resting across their knee, foam panels lining every wall.","Static shot: a violinist sits on a stool in an empty recording booth, in a plain black shirt, bow resting across their knee, foam panels lining every wall.","Static shot: a violinist sits on a stool in an empty recording booth, bow resting across their knee, foam panels lining every wall.",3725
"Kneeling at the edge of a koi pond in a private conservatory, a figure is entirely unclothed, fish drifting slow beneath the surface. The camera does not move.","Kneeling at the edge of a koi pond in a private conservatory, a figure wears a long silk robe, fish drifting slow beneath the surface. The camera does not move.","Kneeling at the edge of a koi pond in a private conservatory, a figure watches, fish drifting slow beneath the surface. The camera does not move.",3726
"An astronomer reclines on the observatory floor between exposures, without a stitch of clothing, the telescope's dark silhouette rising overhead through the open dome. Static camera, held still.","An astronomer reclines on the observatory floor between exposures, wrapped in a thick wool blanket, the telescope's dark silhouette rising overhead through the open dome. Static camera, held still.","An astronomer reclines on the observatory floor between exposures, the telescope's dark silhouette rising overhead through the open dome. Static camera, held still.",3727
"A miner stands under a single bulb in a maintenance tunnel, stripped bare after the shift, grime streaking the concrete wall behind them. The shot holds perfectly still.","A miner stands under a single bulb in a maintenance tunnel, still in soot-streaked coveralls, grime streaking the concrete wall behind them. The shot holds perfectly still.","A miner stands under a single bulb in a maintenance tunnel, grime streaking the concrete wall behind them. The shot holds perfectly still.",3728
"In the planetarium's projection booth, an operator sits beside the great star machine, nude in the pooled blue light of the dome above. Camera fixed, no movement.","In the planetarium's projection booth, an operator sits beside the great star machine, in a dark technician's jumpsuit, in the pooled blue light of the dome above. Camera fixed, no movement.","In the planetarium's projection booth, an operator sits beside the great star machine, in the pooled blue light of the dome above. Camera fixed, no movement.",3729
"A figure stands at the center of an ice-cave shelter, entirely bare, blue light filtering through the walls of packed snow. The camera never shifts from its position.","A figure stands at the center of an ice-cave shelter, bundled in a red expedition parka, blue light filtering through the walls of packed snow. The camera never shifts from its position.","A figure stands at the center of an ice-cave shelter, blue light filtering through the walls of packed snow. The camera never shifts from its position.",3730
"Static medium shot of a tightrope walker balancing on a low practice line strung across a barn loft, totally undressed, straw bales stacked below.","Static medium shot of a tightrope walker balancing on a low practice line strung across a barn loft, in a fitted leotard, straw bales stacked below.","Static medium shot of a tightrope walker balancing on a low practice line strung across a barn loft, straw bales stacked below.",3731
"A cellist sits alone in a wine cellar between racks of aging bottles, bare-skinned, the instrument's dark wood catching a single hanging bulb. The camera holds its position.","A cellist sits alone in a wine cellar between racks of aging bottles, in a fitted black dress, the instrument's dark wood catching a single hanging bulb. The camera holds its position.","A cellist sits alone in a wine cellar between racks of aging bottles, the instrument's dark wood catching a single hanging bulb. The camera holds its position.",3732
"A locksmith kneels at an open safe in a bank vault after hours, without any clothing at all, tools spread across the floor in neat rows. Static, unmoving shot.","A locksmith kneels at an open safe in a bank vault after hours, in a grey work jumpsuit, tools spread across the floor in neat rows. Static, unmoving shot.","A locksmith kneels at an open safe in a bank vault after hours, tools spread across the floor in neat rows. Static, unmoving shot.",3733
"On the deck of a becalmed houseboat at sunset, a figure stands entirely exposed, the river dead still beneath the hull. The camera is fixed and never moves.","On the deck of a becalmed houseboat at sunset, a figure stands wrapped in a striped beach towel, the river dead still beneath the hull. The camera is fixed and never moves.","On the deck of a becalmed houseboat at sunset, a figure stands, the river dead still beneath the hull. The camera is fixed and never moves.",3734
"A projectionist stands beside the reels in an old cinema's booth, completely naked, a beam of light cutting through dust toward the screen below. Camera locked off.","A projectionist stands beside the reels in an old cinema's booth, in a rumpled work shirt, a beam of light cutting through dust toward the screen below. Camera locked off.","A projectionist stands beside the reels in an old cinema's booth, a beam of light cutting through dust toward the screen below. Camera locked off.",3735
"Static wide shot: a figure sits cross-legged on the floor of a vintage train car, bare-skinned, upholstered seats and brass fittings lit by passing streetlights.","Static wide shot: a figure sits cross-legged on the floor of a vintage train car, in a long travel coat, upholstered seats and brass fittings lit by passing streetlights.","Static wide shot: a figure sits cross-legged on the floor of a vintage train car, upholstered seats and brass fittings lit by passing streetlights.",3736
"A falconer stands in the mews at dusk, unclothed, the bird resting hooded on a gloved wrist even so. The camera does not move throughout the shot.","A falconer stands in the mews at dusk, in a heavy leather jerkin, the bird resting hooded on a gloved wrist. The camera does not move throughout the shot.","A falconer stands in the mews at dusk, the bird resting hooded on a gloved wrist. The camera does not move throughout the shot.",3737
"In a greenhouse potting shed, a gardener kneels among terracotta pots, fully bare, sunlight fractured through cracked glass panes overhead. Static shot, camera held still.","In a greenhouse potting shed, a gardener kneels among terracotta pots, in a canvas work apron, sunlight fractured through cracked glass panes overhead. Static shot, camera held still.","In a greenhouse potting shed, a gardener kneels among terracotta pots, sunlight fractured through cracked glass panes overhead. Static shot, camera held still.",3738
"A clockmaker sits at a cluttered workbench in the back of an antique shop, undressed entirely, gears and loupes scattered under a green banker's lamp. Camera fixed.","A clockmaker sits at a cluttered workbench in the back of an antique shop, in a buttoned waistcoat, gears and loupes scattered under a green banker's lamp. Camera fixed.","A clockmaker sits at a cluttered workbench in the back of an antique shop, gears and loupes scattered under a green banker's lamp. Camera fixed.",3739
"Static full shot: a figure reclines on a chaise in an abandoned opera box, bare-skinned, red velvet curtains hanging heavy and undisturbed around them.","Static full shot: a figure reclines on a chaise in an abandoned opera box, in a faded silk gown, red velvet curtains hanging heavy and undisturbed around them.","Static full shot: a figure reclines on a chaise in an abandoned opera box, red velvet curtains hanging heavy and undisturbed around them.",3740
"A beekeeper's apprentice stands at the hive wall at first light, entirely exposed, mist still low over the lavender field beyond. The camera holds without moving.","A beekeeper's apprentice stands at the hive wall at first light, zipped into a full mesh veil suit, mist still low over the lavender field beyond. The camera holds without moving.","A beekeeper's apprentice stands at the hive wall at first light, mist still low over the lavender field beyond. The camera holds without moving.",3741
"Static medium shot of a submarine engineer checking a gauge panel below decks, without a stitch of clothing, red emergency lighting washing the narrow corridor.","Static medium shot of a submarine engineer checking a gauge panel below decks, in grey coveralls, red emergency lighting washing the narrow corridor.","Static medium shot of a submarine engineer checking a gauge panel below decks, red emergency lighting washing the narrow corridor.",3742
"A sculptor stands before an unfinished marble block in a dust-filled studio, nude, chisel and mallet resting on a nearby stool. Camera fixed and unmoving.","A sculptor stands before an unfinished marble block in a dust-filled studio, in a heavy canvas smock, chisel and mallet resting on a nearby stool. Camera fixed and unmoving.","A sculptor stands before an unfinished marble block in a dust-filled studio, chisel and mallet resting on a nearby stool. Camera fixed and unmoving.",3743
"At the edge of a frozen lake, a figure stands entirely bare just beyond the cut ice-swimming hole, steam rising off the water's surface. The camera is locked in place.","At the edge of a frozen lake, a figure stands wrapped in a thick towel just beyond the cut ice-swimming hole, steam rising off the water's surface. The camera is locked in place.","At the edge of a frozen lake, a figure stands just beyond the cut ice-swimming hole, steam rising off the water's surface. The camera is locked in place.",3744
"Medium close shot: bare shoulders and upper back catch the light in a quiet greenhouse, ferns blurred soft behind. The camera holds perfectly still.","Medium close shot: shoulders wrapped in a light cotton shawl catch the light in a quiet greenhouse, ferns blurred soft behind. The camera holds perfectly still.","Medium close shot: shoulders and upper back catch the light in a quiet greenhouse, ferns blurred soft behind. The camera holds perfectly still.",3745
"A close shot lingers on a bare torso and hips in candlelight, an attic room's sloped ceiling just visible at the frame's edge. The camera does not move.","A close shot lingers on a torso and hips wrapped in a long robe in candlelight, an attic room's sloped ceiling just visible at the frame's edge. The camera does not move.","A close shot lingers on a torso and hips in candlelight, an attic room's sloped ceiling just visible at the frame's edge. The camera does not move.",3746
"Medium close, static: chest and stomach rise and fall with slow breathing in a dim rehearsal room, mirrors faint in the background. Camera fixed throughout.","Medium close, static: a chest and stomach rise and fall under a zipped hoodie in a dim rehearsal room, mirrors faint in the background. Camera fixed throughout.","Medium close, static: a chest and stomach rise and fall with slow breathing in a dim rehearsal room, mirrors faint in the background. Camera fixed throughout.",3747
"Cropped on bare hips and lower back inside a boathouse at dusk, the last daylight coming low through a single window. The camera remains locked in place.","Cropped on hips and lower back covered by heavy waterproof trousers inside a boathouse at dusk, the last daylight coming low through a single window. The camera remains locked in place.","Cropped on hips and lower back inside a boathouse at dusk, the last daylight coming low through a single window. The camera remains locked in place.",3748
"Medium close shot of a bare back and shoulder blades in a spa treatment room, warm towels stacked just out of focus nearby. The camera never moves.","Medium close shot of a back and shoulder blades wrapped in a terrycloth robe in a spa treatment room, warm towels stacked just out of focus nearby. The camera never moves.","Medium close shot of a back and shoulder blades in a spa treatment room, warm towels stacked just out of focus nearby. The camera never moves.",3749
"Close and static: bare chest and collarbone in the low light of a wine cellar, dust motes drifting past racked bottles behind. Camera holds without moving.","Close and static: a chest and collarbone under a thick wool sweater in the low light of a wine cellar, dust motes drifting past racked bottles behind. Camera holds without moving.","Close and static: a chest and collarbone in the low light of a wine cellar, dust motes drifting past racked bottles behind. Camera holds without moving.",3750
"Medium close shot: hips and thighs caught mid-stretch backstage in a theater dressing room, costume racks a soft blur beyond. The camera is fixed.","Medium close shot: hips and thighs in dance tights caught mid-stretch backstage in a theater dressing room, costume racks a soft blur beyond. The camera is fixed.","Medium close shot: hips and thighs caught mid-stretch backstage in a theater dressing room, costume racks a soft blur beyond. The camera is fixed.",3751
"A close, unmoving shot holds on a bare torso and hips in the glow of a kiln room, pottery wheels silent in the background. The camera stays locked.","A close, unmoving shot holds on a torso and hips in a short work smock in the glow of a kiln room, pottery wheels silent in the background. The camera stays locked.","A close, unmoving shot holds on a torso and hips in the glow of a kiln room, pottery wheels silent in the background. The camera stays locked.",3752
"Medium close, static camera: shoulders and upper back lit by a single lantern in a lighthouse keeper's room, the lamp mechanism ticking somewhere unseen.","Medium close, static camera: shoulders wrapped in an oilskin coat lit by a single lantern in a lighthouse keeper's room, the lamp mechanism ticking somewhere unseen.","Medium close, static camera: shoulders and upper back lit by a single lantern in a lighthouse keeper's room, the lamp mechanism ticking somewhere unseen.",3753
"Cropped close on bare chest and stomach in a museum storage room, packing crates stacked in soft focus around the edges. Camera fixed, no motion.","Cropped close on a chest and stomach under a buttoned lab coat in a museum storage room, packing crates stacked in soft focus around the edges. Camera fixed, no motion.","Cropped close on a chest and stomach in a museum storage room, packing crates stacked in soft focus around the edges. Camera fixed, no motion.",3754
"A static close shot holds on bare hips and lower back in a converted barn studio, hay dust caught drifting in a shaft of window light. The camera never shifts.","A static close shot holds on hips and lower back in rolled-up overalls in a converted barn studio, hay dust caught drifting in a shaft of window light. The camera never shifts.","A static close shot holds on hips and lower back in a converted barn studio, hay dust caught drifting in a shaft of window light. The camera never shifts.",3755
